{"lightrayOptions":{"exposure":5,"numSamples":40,"weight":10,"resolutionScale":0.20000000298023},"miscOptions":{"lodDetail":6.8000001907349,"shadowSoftness":0.83399999141693,"terrainDetail":0.40000000596046,"ssaoSamples":false,"foliageDensity":1.8810000419617,"shadowQuality":4},"activeSkybox":{"name":"partially_cloudy","dir":"/art/custom_skies/"},"bloomOptions":{"knee":1.2289999723434,"bloomThreshold":2.4249999523163},"tonemappingExtrasOptions":{"lutStrength":0.21099999547005,"exposure":0.63099998235703,"saturation":1.1499999761581,"hue":1},"tonemappingOptions":{"pedestal":0,"contrast":1.7000000476837,"linearSectionLength":0.10000000149012,"linearSectionStart":0.21999999880791,"maxDisplayBrightness":0.9200000166893,"black":1.4500000476837},"ppOptions":{"sharpAmount":0,"caAmount":0.40000000596046},"skyboxOptions":{"enable":true},"environmentOptions":{"time":9.4829998016357,"skyBrightness":120.3450012207,"light":0.59600001573563,"fogAmount":0,"sunScale":0.78452497720718}}