{"lightrayOptions":{"exposure":5,"numSamples":40,"weight":10,"resolutionScale":0.20000000298023},"miscOptions":{"ssaoSamples":false,"lodDetail":6.0859999656677,"shadowSoftness":1.4830000400543,"foliageDensity":1.8090000152588,"terrainDetail":1,"ssaoContrast":3.069000005722,"shadowQuality":4,"ssaoRadius":2.5339999198914},"activeSkybox":{"name":"vibrant","dir":"art/custom_skies"},"bloomOptions":{"knee":0.10000000149012,"bloomThreshold":3.5},"tonemappingExtrasOptions":{"lutStrength":0.2119999974966,"exposure":0.8309999704361,"saturation":1.1499999761581,"hue":1},"tonemappingOptions":{"pedestal":0,"contrast":1.7000000476837,"linearSectionLength":0.10000000149012,"linearSectionStart":0.21999999880791,"maxDisplayBrightness":0.9200000166893,"black":1.4500000476837},"ppOptions":{"sharpAmount":0,"caAmount":0.40000000596046},"skyboxOptions":{"enable":true},"environmentOptions":{"time":84.654998779297,"skyBrightness":120,"light":0.59600001573563,"azimuth":0,"sunScale":0.7441166639328,"fogAmount":0,"fov":60.069000244141}}