{"lightrayOptions":{"exposure":5,"numSamples":40,"weight":0,"resolutionScale":0.20000000298023},"miscOptions":{"ssaoRadius":1.4659999608994,"enableSMAA":true,"ssaoSamples":true,"shadowLogWeight":81.552001953125,"enableFXAA":true,"lodDetail":6.0859999656677,"shadowSoftness":1.7860000133514,"shadowQuality":4,"terrainDetail":1,"foliageDensity":1.8090000152588,"ssaoContrast":3.930999994278},"activeSkybox":{"name":"partially_cloudy","dir":"/art/custom_skies/"},"bloomOptions":{"knee":0.49200001358986,"bloomThreshold":1.3020000457764},"tonemappingExtrasOptions":{"lutStrength":0.22200000286102,"saturation":0.908999979496,"hue":1,"tint":"0.937969 1.000000 0.982806 1.000000","exposure":0.76899999380112},"tonemappingOptions":{"pedestal":0.003000000026077,"contrast":1.305999994278,"linearSectionLength":0.10000000149012,"linearSectionStart":0.21999999880791,"maxDisplayBrightness":0.9200000166893,"black":1.9049999713898},"ppOptions":{"sharpAmount":0.11900000274181,"caAmount":0.2790000140667},"skyboxOptions":{"enable":false},"environmentOptions":{"light":0.38800001144409,"fogAmount":10,"fov":55.103000640869,"time":15,"skyBrightness":200,"rayleighScattering":14,"azimuth":231.51699829102,"fogColor":"1.000000 0.869320 0.777995 1.000000","sunScale":"0.823702 0.752127 0.702688 1.000000"}}