{"lightrayOptions":{"exposure":5,"numSamples":40,"weight":0,"resolutionScale":0.20000000298023},"miscOptions":{"ssaoRadius":1.569000005722,"ssaoSamples":true,"shadowLogWeight":67.069000244141,"lodDetail":6.0859999656677,"shadowSoftness":1.9520000219345,"shadowQuality":4,"terrainDetail":1,"foliageDensity":1.8090000152588,"ssaoContrast":3.930999994278},"activeSkybox":{"name":"partially_cloudy","dir":"/art/custom_skies/"},"bloomOptions":{"knee":0.49200001358986,"bloomThreshold":1.3020000457764},"tonemappingExtrasOptions":{"lutStrength":0.29800000786781,"saturation":0.84500002861023,"hue":1,"tint":"1.000000 0.953542 0.905322 1.000000","exposure":1.0520000457764},"tonemappingOptions":{"pedestal":0.020999999716878,"contrast":1.7630000114441,"linearSectionLength":0.10000000149012,"linearSectionStart":0.21999999880791,"maxDisplayBrightness":0.9200000166893,"black":1.9670000076294},"ppOptions":{"sharpAmount":0.10800000280142,"caAmount":0.2790000140667},"skyboxOptions":{"enable":false},"environmentOptions":{"light":0.52600002288818,"fogAmount":6.5,"fov":55.103000640869,"time":12.586000442505,"skyBrightness":200,"rayleighScattering":12.241000175476,"azimuth":97.447998046875,"fogColor":"1.000000 0.957721 0.879203 1.000000","sunScale":"0.843291 0.760243 0.702880 1.000000"}}