{"ppOptions":{"sharpAmount":0,"caAmount":0.40000000596046},"lightrayOptions":{"exposure":5,"numSamples":40,"weight":10,"resolutionScale":0.20000000298023},"miscOptions":{"lodDetail":6.0859999656677,"shadowSoftness":2.5030000209808,"terrainDetail":1,"ssaoSamples":false,"foliageDensity":1.8090000152588,"shadowQuality":4},"activeSkybox":{"dir":"/art/custom_skies/","name":"overcast"},"tonemappingExtrasOptions":{"lutStrength":0.21099999547005,"exposure":1.3339999914169,"saturation":1.1499999761581,"hue":1},"skyboxOptions":{"enable":true},"tonemappingOptions":{"pedestal":0,"contrast":1.7000000476837,"linearSectionLength":0.10000000149012,"linearSectionStart":0.21999999880791,"maxDisplayBrightness":0.9200000166893,"black":1.4500000476837},"environmentOptions":{"fogAmount":0,"time":17.759000778198,"skyBrightness":120.3450012207,"light":0.35499998927116}}