{"lightrayOptions":{"exposure":5,"numSamples":40,"weight":0,"resolutionScale":0.20000000298023},"miscOptions":{"ssaoRadius":1.4659999608994,"ssaoSamples":true,"shadowLogWeight":81.552001953125,"lodDetail":6.0859999656677,"shadowSoftness":1.7860000133514,"shadowQuality":4,"terrainDetail":1,"foliageDensity":1.8090000152588,"ssaoContrast":3.930999994278},"activeSkybox":{"name":"industrial_sunset_02_puresky","dir":"/settings/gfxSuite/skies/"},"bloomOptions":{"knee":0.49200001358986,"bloomThreshold":1.3020000457764},"tonemappingExtrasOptions":{"lutStrength":0,"saturation":1.0,"hue":1,"tint":"1.000000 1.000000 1.000000 1.000000","exposure":1},"extraOptions":{"enableFXAA":false,"enableSMAA":true},"ppOptions":{"adaptiveSharpen":0.5,"caAmount":0.4,"sharpAmount":0},"skyboxOptions":{"enable":false},"tonemappingOptions":{"contrast":1.8229999542236,"agxSatDependency":1,"agxSat":0.91600000858307,"linearSectionLength":0.59500002861023,"black":1.0269999504089,"pedestal":0,"linearSectionStart":0.041000001132488,"agxPower":6.4679999351501,"agxSlope":1.1799999475479,"agxMix":0.85000002384186,"gain":0.66200000047684,"maxDisplayBrightness":1.0349999666214,"agxMixExp":0.40000000596046},"environmentOptions":{"light":0.99099999666214,"fogAmount":0,"fov":48.483001708984,"time":85.345001220703,"skyBrightness":200,"rayleighScattering":3.6210000514984,"azimuth":318.41400146484,"fogColor":"1.000000 0.869320 0.777995 1.000000","sunScale":"0.823702 0.752127 0.702688 1.000000","cloudCover1":0.0,"cloudCover2":0.0}}