{"lightrayOptions":{"exposure":5,"numSamples":40,"weight":0,"resolutionScale":0.20000000298023},"miscOptions":{"ssaoRadius":1.5700000524521,"ssaoSamples":true,"shadowLogWeight":65.690002441406,"lodDetail":6.0859999656677,"shadowSoftness":1.0069999694824,"shadowQuality":4,"terrainDetail":1,"foliageDensity":1.8090000152588,"ssaoContrast":2.5520000457764},"activeSkybox":{"name":"overcast","dir":"/art/custom_skies/"},"bloomOptions":{"knee":0.49200001358986,"bloomThreshold":1.3020000457764},"tonemappingExtrasOptions":{"lutStrength":0,"saturation":1,"hue":1,"tint":"1.000000 1.000000 1.000000 1.000000","exposure":1},"extraOptions":{"enableFXAA":false,"enableSMAA":true},"ppOptions":{"adaptiveSharpen":0.5,"caAmount":0.40000000596046,"sharpAmount":0},"skyboxOptions":{"enable":false},"tonemappingOptions":{"contrast":2.0999999046326,"agxSatDependency":1,"agxSat":0.84200000762939,"linearSectionLength":0.48199999332428,"black":1,"pedestal":0,"linearSectionStart":0.035000000149012,"agxPower":7.6560001373291,"agxSlope":1.1799999475479,"agxMix":0.85000002384186,"gain":0.73299998044968,"maxDisplayBrightness":1.0199999809265,"agxMixExp":0.40000000596046},"environmentOptions":{"cloudCover2":0,"skyColorAmt":1.7410000562668,"azimuth":318.41400146484,"oceanReflectivity":0.31000000238419,"fogAmount":0.62099999189377,"oceanColor":"0.992000 0.996000 0.996000 1.000000","cloudCover1":0,"fov":48.483001708984,"oceanFullReflection":false,"time":19.138000488281,"skyBrightness":200,"rayleighScattering":3.6210000514984,"fogColor":"1.000000 0.869320 0.777995 1.000000","skyColor":"0.147779 0.236279 0.396017 1.000000","light":0.80199998617172,"sunScale":"0.817173 0.698827 0.617081 1.000000"}}