{"lightrayOptions":{"exposure":5,"numSamples":40,"weight":0,"resolutionScale":0.20000000298023},"miscOptions":{"ssaoRadius":1.0180000066757,"ssaoSamples":true,"shadowLogWeight":65.690002441406,"lodDetail":6.0859999656677,"shadowSoftness":4,"shadowQuality":4,"terrainDetail":1,"foliageDensity":1.8090000152588,"ssaoContrast":2.5520000457764},"activeSkybox":{"dir":"/art/custom_skies/","name":"overcast"},"bloomOptions":{"knee":0.49200001358986,"bloomThreshold":1.3020000457764},"tonemappingExtrasOptions":{"lutStrength":0,"saturation":1,"hue":1,"tint":"1.000000 1.000000 1.000000 1.000000","exposure":1},"extraOptions":{"enableFXAA":false,"enableSMAA":false},"ppOptions":{"adaptiveSharpen":0.5,"caAmount":0.40000000596046,"sharpAmount":0},"skyboxOptions":{"enable":true},"tonemappingOptions":{"contrast":2.40,"agxSatDependency":1,"agxSat":0.842,"linearSectionLength":0.4849,"black":1,"pedestal":0,"linearSectionStart":0.052,"agxPower":7.6560001373291,"agxSlope":1.1799999475479,"agxMix":0.85000002384186,"gain":0.7179,"maxDisplayBrightness":1.0199999809265,"agxMixExp":0.40000000596046},"environmentOptions":{"cloudCover2":0,"skyColorAmt":1.75,"light":0.21600000560284,"azimuth":318.41400146484,"cloudCover1":0,"fogColor":"1.000000 0.869320 0.777995 1.000000","time":85.345001220703,"skyBrightness":200,"rayleighScattering":3.6210000514984,"fogAmount":0,"skyColor":"0.216000 0.349000 0.604000 1.000000","fov":48.483001708984,"sunScale":"0.823702 0.752127 0.702688 1.000000"}}