{"lightrayOptions":{"exposure":5,"numSamples":40,"weight":0,"resolutionScale":0.20000000298023},"miscOptions":{"ssaoRadius":1.4659999608994,"ssaoSamples":true,"shadowLogWeight":81.552001953125,"lodDetail":6.0859999656677,"shadowSoftness":1.7860000133514,"shadowQuality":4,"terrainDetail":1,"foliageDensity":1.8090000152588,"ssaoContrast":3.930999994278},"activeSkybox":{"dir":"/art/custom_skies/","name":"kloppenheim_05_puresky"},"bloomOptions":{"knee":0.49200001358986,"bloomThreshold":1.3020000457764},"tonemappingExtrasOptions":{"lutStrength":0.25400000810623,"saturation":1.0030000209808,"hue":1,"tint":"0.986941 1.000000 0.996380 1.000000","exposure":0.81699997186661},"extraOptions":{"enableFXAA":false,"enableSMAA":false},"ppOptions":{"adaptiveSharpen":1.0260000228882,"caAmount":0.40299999713898,"sharpAmount":0},"skyboxOptions":{"enable":false},"tonemappingOptions":{"pedestal":0.003000000026077,"contrast":1.6339999437332,"linearSectionLength":0.093000002205372,"linearSectionStart":0.20999999344349,"maxDisplayBrightness":0.9200000166893,"black":1.4639999866486},"environmentOptions":{"light":0.50800001621246,"fogAmount":1.7070000171661,"fov":47.103000640869,"time":10.862000465393,"skyBrightness":200,"rayleighScattering":21.240999221802,"azimuth":198,"fogColor":"1.000000 0.869320 0.777995 1.000000","sunScale":"0.823702 0.752127 0.702688 1.000000"}}