{"lightrayOptions":{"exposure":5,"numSamples":40,"weight":0,"resolutionScale":0.20000000298023},"miscOptions":{"ssaoSamples":true,"lodDetail":6.0859999656677,"shadowSoftness":1.4830000400543,"foliageDensity":1.8090000152588,"terrainDetail":1,"ssaoContrast":4.6209998130798,"shadowQuality":4,"ssaoRadius":3.8450000286102},"activeSkybox":{"name":"partially_cloudy","dir":"/art/custom_skies/"},"bloomOptions":{"knee":0.49200001358986,"bloomThreshold":1.3020000457764},"tonemappingExtrasOptions":{"lutStrength":0.22200000286102,"exposure":1.2380000352859,"saturation":1.0809999704361,"hue":1},"tonemappingOptions":{"pedestal":0,"contrast":1.305999994278,"linearSectionLength":0.10000000149012,"linearSectionStart":0.21999999880791,"maxDisplayBrightness":0.9200000166893,"black":1.4500000476837},"ppOptions":{"sharpAmount":0.15999999642372,"caAmount":0.2790000140667},"skyboxOptions":{"enable":false},"environmentOptions":{"time":82.930000305176,"skyBrightness":200,"light":0.64700001478195,"azimuth":49.654998779297,"sunScale":0.80084884166718,"fogAmount":0,"fov":50.965999603271}}