{"ppOptions":{"sharpAmount":0,"caAmount":0.40000000596046},"lightrayOptions":{"exposure":5,"numSamples":40,"weight":10,"resolutionScale":0.20000000298023},"miscOptions":{"lodDetail":6.0859999656677,"shadowSoftness":0.83399999141693,"terrainDetail":1,"ssaoSamples":false,"foliageDensity":1.8090000152588,"shadowQuality":4},"activeSkybox":{"name": "vibrant", "dir": "art/custom_skies"},"tonemappingExtrasOptions":{"lutStrength":0.21099999547005,"exposure":0.8309999704361,"saturation":1.1499999761581,"hue":1},"skyboxOptions":{"enable":true},"tonemappingOptions":{"pedestal":0,"contrast":1.7000000476837,"linearSectionLength":0.10000000149012,"linearSectionStart":0.21999999880791,"maxDisplayBrightness":0.9200000166893,"black":1.4500000476837},"environmentOptions":{"fogAmount":0,"time":9.1379995346069,"light":0.59600001573563}}